asset_id,title,path,exists,report_use
图1,算电协同价值创造网络总图,outputs/figures/value_network_overview.png,True,展示公司、平台、资源、能力、市场、客户和政策之间的整体连接。
图2,PageRank 中心性排名图,outputs/figures/centrality_top_nodes.png,True,识别网络中影响力靠前的节点，支撑关键节点解释。
图3,2024-2027 阶段演化图,outputs/figures/stage_evolution.png,True,展示战略阶段中节点、边和密度的累计变化。
图4,社群结构网络图,outputs/figures/community_network.png,True,展示价值网络中的资源调度、市场交易、算法能力和算力场景子网络。
图5,成本机制与边类型映射图,outputs/figures/cost_mechanism_mapping.png,True,把边类型与能源成本、调度成本、交易成本、协调成本等管理机制对应起来。
数据图1,节点类型与边类型分布图,outputs/figures/data_type_distribution.png,True,说明 nodes.csv 与 edges.csv 的类型构成，支撑数据集结构说明。
数据图2,节点与边证据等级分布图,outputs/figures/evidence_level_distribution.png,True,说明公开资料、公司披露、行业逻辑和结构化模拟在数据集中的占比。
数据图3,阶段新增节点与边分布图,outputs/figures/stage_increment_distribution.png,True,展示 2024-2027 年各阶段新增节点、新增边和平均边权重变化。
交互图,算电协同价值网络交互 HTML,outputs/network/value_network_interactive.html,True,用于 3 分钟演示视频，支持悬停查看节点指标和边属性。
