company_code,company_name,short_name,secu_code,year,notice_date,source_url,access_date,revenue_100m_rmb,revenue_growth_pct,parent_net_profit_100m_rmb,parent_net_profit_growth_pct,operating_cash_flow_to_revenue_pct,asset_liability_ratio_pct,current_ratio,quick_ratio,cash_ratio,gross_margin_pct,net_profit_margin_pct,roe_weighted_pct,receivable_turnover_days,inventory_turnover_days,payable_turnover_days,interest_coverage_proxy,liability_100m_rmb,total_assets_estimated_100m_rmb,staff_num
600170,上海建工集团股份有限公司,上海建工,600170.SH,2021,2022-04-18,https://emweb.securities.eastmoney.com/PC_HSF10/NewFinanceAnalysis/ZYZBAjaxNew?type=1&code=SH600170,2026-06-29,2810.55,21.4969,37.69,12.4721,3.6891,85.4234,1.1412,0.8524,0.3578,9.4282,1.4403,11.0900,63.6559,158.1192,189.6935,3.3792,3021.99,3537.66,51369
600170,上海建工集团股份有限公司,上海建工,600170.SH,2022,2023-04-18,https://emweb.securities.eastmoney.com/PC_HSF10/NewFinanceAnalysis/ZYZBAjaxNew?type=1&code=SH600170,2026-06-29,2860.37,1.7723,13.56,-64.0285,3.1316,86.0743,1.1358,0.8748,0.3633,9.0437,0.5873,2.8600,74.0646,156.3252,208.0431,2.5843,3157.24,3668.04,51353
600170,上海建工集团股份有限公司,上海建工,600170.SH,2023,2024-04-23,https://emweb.securities.eastmoney.com/PC_HSF10/NewFinanceAnalysis/ZYZBAjaxNew?type=1&code=SH600170,2026-06-29,3046.28,6.4995,15.58,14.9134,6.8875,86.5971,1.0825,0.8551,0.3760,8.8688,0.5443,5.2100,74.7186,140.8474,213.2871,5.6483,3308.68,3820.78,51272
600170,上海建工集团股份有限公司,上海建工,600170.SH,2024,2025-04-15,https://emweb.securities.eastmoney.com/PC_HSF10/NewFinanceAnalysis/ZYZBAjaxNew?type=1&code=SH600170,2026-06-29,3002.17,-1.4480,21.68,39.1452,4.0414,86.5891,1.0441,0.8308,0.3748,8.7382,0.7080,5.2100,78.7576,136.4531,234.5609,4.1382,3349.88,3868.71,48821
600170,上海建工集团股份有限公司,上海建工,600170.SH,2025,2026-04-15,https://emweb.securities.eastmoney.com/PC_HSF10/NewFinanceAnalysis/ZYZBAjaxNew?type=1&code=SH600170,2026-06-29,2059.97,-31.3840,12.37,-42.9283,3.1845,86.0108,1.0680,0.8408,0.4033,10.3081,0.5021,2.1600,109.1117,194.7254,343.7388,2.5038,3183.08,3700.79,44126
600502,安徽建工集团股份有限公司,安徽建工,600502.SH,2021,2022-03-31,https://emweb.securities.eastmoney.com/PC_HSF10/NewFinanceAnalysis/ZYZBAjaxNew?type=1&code=SH600502,2026-06-29,713.40,25.2182,10.96,34.3229,-7.6982,84.5149,1.1094,0.9006,0.1620,11.1782,1.9810,10.4100,121.4965,177.7610,168.4329,,1072.29,1268.76,17010
600502,安徽建工集团股份有限公司,安徽建工,600502.SH,2022,2023-03-30,https://emweb.securities.eastmoney.com/PC_HSF10/NewFinanceAnalysis/ZYZBAjaxNew?type=1&code=SH600502,2026-06-29,801.20,12.3068,13.80,25.9372,-0.9770,84.5821,1.1057,0.9058,0.1661,11.6676,2.2872,11.7600,143.6255,177.0179,190.1979,,1260.80,1490.62,18060
600502,安徽建工集团股份有限公司,安徽建工,600502.SH,2023,2024-03-27,https://emweb.securities.eastmoney.com/PC_HSF10/NewFinanceAnalysis/ZYZBAjaxNew?type=1&code=SH600502,2026-06-29,912.44,13.8846,15.53,12.5695,4.0231,85.9530,1.0704,0.9237,0.1487,12.4359,2.2551,11.4100,166.2726,168.5470,215.6262,1.4858,1470.51,1710.84,18202
600502,安徽建工集团股份有限公司,安徽建工,600502.SH,2024,2025-03-29,https://emweb.securities.eastmoney.com/PC_HSF10/NewFinanceAnalysis/ZYZBAjaxNew?type=1&code=SH600502,2026-06-29,965.02,5.7628,13.45,-13.4279,1.2587,86.5149,1.0052,0.9088,0.1436,12.3963,2.1029,10.4100,190.8974,170.7218,256.4959,0.5025,1747.42,2019.79,17797
600502,安徽建工集团股份有限公司,安徽建工,600502.SH,2025,2026-03-28,https://emweb.securities.eastmoney.com/PC_HSF10/NewFinanceAnalysis/ZYZBAjaxNew?type=1&code=SH600502,2026-06-29,831.98,-13.7862,15.26,13.4520,1.5485,86.4910,0.9824,0.9205,0.1500,14.8045,2.6686,9.0500,230.6036,221.2366,349.3314,0.6001,1975.17,2283.67,17032
600820,上海隧道工程股份有限公司,隧道股份,600820.SH,2021,2022-04-26,https://emweb.securities.eastmoney.com/PC_HSF10/NewFinanceAnalysis/ZYZBAjaxNew?type=1&code=SH600820,2026-06-29,622.26,15.2033,23.93,5.8730,5.0362,77.3676,0.8536,0.8443,0.2366,13.0604,3.9000,9.9100,106.6736,139.1899,281.1021,1.8178,1003.90,1297.57,15765
600820,上海隧道工程股份有限公司,隧道股份,600820.SH,2022,2023-04-22,https://emweb.securities.eastmoney.com/PC_HSF10/NewFinanceAnalysis/ZYZBAjaxNew?type=1&code=SH600820,2026-06-29,722.97,16.1842,28.55,19.3198,5.5971,77.6814,0.9023,0.8948,0.2274,12.2525,4.2045,10.8200,103.4379,168.0121,326.5168,2.4413,1187.57,1528.77,16974
600820,上海隧道工程股份有限公司,隧道股份,600820.SH,2023,2024-04-20,https://emweb.securities.eastmoney.com/PC_HSF10/NewFinanceAnalysis/ZYZBAjaxNew?type=1&code=SH600820,2026-06-29,742.16,2.6540,29.45,3.1441,4.2857,77.9749,0.8925,0.8805,0.2235,10.2924,4.2859,10.3300,103.3067,206.5745,375.1438,1.7398,1262.66,1619.32,17978
600820,上海隧道工程股份有限公司,隧道股份,600820.SH,2024,2025-04-26,https://emweb.securities.eastmoney.com/PC_HSF10/NewFinanceAnalysis/ZYZBAjaxNew?type=1&code=SH600820,2026-06-29,688.16,-7.2763,28.41,-3.5350,6.6658,77.1973,0.9104,0.8997,0.2254,12.1538,4.2956,9.4000,115.8754,262.3480,453.0351,2.6727,1333.54,1727.44,17492
600820,上海隧道工程股份有限公司,隧道股份,600820.SH,2025,2026-04-23,https://emweb.securities.eastmoney.com/PC_HSF10/NewFinanceAnalysis/ZYZBAjaxNew?type=1&code=SH600820,2026-06-29,579.27,-15.8225,22.14,-22.0717,3.7842,75.8008,0.9099,0.9013,0.2353,13.9903,4.0055,6.6000,140.9640,364.4385,562.2254,1.4978,1378.09,1818.04,17143
601117,中国化学工程股份有限公司,中国化学,601117.SH,2021,2022-04-28,https://emweb.securities.eastmoney.com/PC_HSF10/NewFinanceAnalysis/ZYZBAjaxNew?type=1&code=SH601117,2026-06-29,1379.19,25.3864,46.33,26.6365,1.6328,70.4877,1.1845,1.1397,0.3902,9.4905,3.6447,11.2100,51.6089,91.7934,152.0791,9.7216,1253.95,1778.96,42820
601117,中国化学工程股份有限公司,中国化学,601117.SH,2022,2023-03-28,https://emweb.securities.eastmoney.com/PC_HSF10/NewFinanceAnalysis/ZYZBAjaxNew?type=1&code=SH601117,2026-06-29,1584.37,14.8773,54.15,16.8728,0.9508,70.0228,1.1858,1.1371,0.3400,9.3372,3.6635,10.7100,53.4672,96.7423,146.8751,5.3734,1362.40,1945.66,46713
601117,中国化学工程股份有限公司,中国化学,601117.SH,2023,2024-04-29,https://emweb.securities.eastmoney.com/PC_HSF10/NewFinanceAnalysis/ZYZBAjaxNew?type=1&code=SH601117,2026-06-29,1791.96,13.1022,54.26,0.2018,5.1212,70.7587,1.1800,1.1416,0.3459,9.4096,3.3480,9.8300,51.7699,103.7002,152.0691,25.0901,1550.43,2191.15,48833
601117,中国化学工程股份有限公司,中国化学,601117.SH,2024,2025-04-30,https://emweb.securities.eastmoney.com/PC_HSF10/NewFinanceAnalysis/ZYZBAjaxNew?type=1&code=SH601117,2026-06-29,1866.13,4.1391,56.88,4.8247,4.6933,70.4835,1.1258,1.0882,0.3294,10.1101,3.3587,9.5000,60.5407,112.0963,177.6093,24.7775,1645.24,2334.21,51001
601117,中国化学工程股份有限公司,中国化学,601117.SH,2025,2026-03-25,https://emweb.securities.eastmoney.com/PC_HSF10/NewFinanceAnalysis/ZYZBAjaxNew?type=1&code=SH601117,2026-06-29,1901.25,1.8818,64.36,13.1544,0.7617,69.8644,1.1237,1.0895,0.2760,10.7115,3.7346,9.9300,72.7233,113.3193,184.2797,5.0964,1728.12,2473.53,50598
601186,中国铁建股份有限公司,中国铁建,601186.SH,2021,2022-03-31,https://emweb.securities.eastmoney.com/PC_HSF10/NewFinanceAnalysis/ZYZBAjaxNew?type=1&code=SH601186,2026-06-29,10200.10,12.0490,246.91,10.2602,-0.7161,74.3902,1.0917,0.7558,0.1530,9.5963,2.8740,11.1000,49.6537,170.4609,138.8641,-0.6088,10064.77,13529.70,267760
601186,中国铁建股份有限公司,中国铁建,601186.SH,2022,2023-03-31,https://emweb.securities.eastmoney.com/PC_HSF10/NewFinanceAnalysis/ZYZBAjaxNew?type=1&code=SH601186,2026-06-29,10963.13,7.4806,266.81,8.0607,5.1203,74.6757,1.0807,0.7599,0.1705,10.0852,2.9001,11.0700,48.7482,188.1083,143.8237,4.4718,11379.94,15239.14,269577
601186,中国铁建股份有限公司,中国铁建,601186.SH,2023,2024-03-29,https://emweb.securities.eastmoney.com/PC_HSF10/NewFinanceAnalysis/ZYZBAjaxNew?type=1&code=SH601186,2026-06-29,11379.93,3.8019,260.97,-2.1882,1.7937,74.9179,1.0668,0.7586,0.1689,10.3906,2.8409,9.8000,46.9835,203.6454,161.8874,1.4798,12459.00,16630.20,267587
601186,中国铁建股份有限公司,中国铁建,601186.SH,2024,2025-03-29,https://emweb.securities.eastmoney.com/PC_HSF10/NewFinanceAnalysis/ZYZBAjaxNew?type=1&code=SH601186,2026-06-29,10671.71,-6.2234,222.15,-14.8749,-2.9446,77.3144,1.0281,0.7709,0.1683,10.2673,2.5374,7.6900,60.8171,223.7385,188.7930,-2.0083,14402.46,18628.43,264045
601186,中国铁建股份有限公司,中国铁建,601186.SH,2025,2026-03-31,https://emweb.securities.eastmoney.com/PC_HSF10/NewFinanceAnalysis/ZYZBAjaxNew?type=1&code=SH601186,2026-06-29,10297.84,-3.5034,183.63,-17.3416,0.2871,79.5110,1.0275,0.8080,0.1593,9.7222,2.1060,5.9100,77.9202,238.3714,213.7929,0.1616,16568.70,20838.25,250306
601390,中国中铁股份有限公司,中国中铁,601390.SH,2021,2022-03-31,https://emweb.securities.eastmoney.com/PC_HSF10/NewFinanceAnalysis/ZYZBAjaxNew?type=1&code=SH601390,2026-06-29,10732.72,10.1075,276.18,9.6468,1.2210,73.6847,1.0164,0.7582,0.2362,9.9972,2.8465,11.6300,38.6760,128.7594,117.2990,1.0702,10033.84,13617.26,294013
601390,中国中铁股份有限公司,中国中铁,601390.SH,2022,2023-03-31,https://emweb.securities.eastmoney.com/PC_HSF10/NewFinanceAnalysis/ZYZBAjaxNew?type=1&code=SH601390,2026-06-29,11543.58,7.5551,312.73,13.2353,3.7822,73.7791,1.0288,0.7908,0.2848,9.8096,3.0366,12.1300,38.1975,126.5568,122.4735,2.8702,11902.64,16132.82,297620
601390,中国中铁股份有限公司,中国中铁,601390.SH,2023,2024-03-29,https://emweb.securities.eastmoney.com/PC_HSF10/NewFinanceAnalysis/ZYZBAjaxNew?type=1&code=SH601390,2026-06-29,12634.75,9.4525,334.83,7.0665,3.0427,74.8610,0.9951,0.7781,0.2408,10.0091,2.9850,11.8100,39.8433,131.8551,144.1398,2.2664,13695.37,18294.39,299652
601390,中国中铁股份有限公司,中国中铁,601390.SH,2024,2025-03-29,https://emweb.securities.eastmoney.com/PC_HSF10/NewFinanceAnalysis/ZYZBAjaxNew?type=1&code=SH601390,2026-06-29,11603.11,-8.1650,278.87,-16.7132,2.4235,77.3916,0.9905,0.7980,0.2054,9.8032,2.6574,9.0900,62.6800,178.0024,213.4659,1.5468,17462.74,22564.14,297359
601390,中国中铁股份有限公司,中国中铁,601390.SH,2025,2026-03-31,https://emweb.securities.eastmoney.com/PC_HSF10/NewFinanceAnalysis/ZYZBAjaxNew?type=1&code=SH601390,2026-06-29,10934.94,-5.7586,228.92,-17.9119,2.6381,78.1186,0.9606,0.7917,0.1910,9.3389,2.4157,6.7200,88.3098,215.0459,278.3057,1.6788,19299.82,24705.81,289250
601618,中国冶金科工股份有限公司,中国中冶,601618.SH,2021,2022-03-30,https://emweb.securities.eastmoney.com/PC_HSF10/NewFinanceAnalysis/ZYZBAjaxNew?type=1&code=SH601618,2026-06-29,5005.72,25.1071,83.75,6.5222,3.5240,72.1442,1.1489,0.9765,0.1165,10.6152,2.3188,9.0500,55.1315,119.4062,116.2575,4.3224,3920.82,5434.70,97972
601618,中国冶金科工股份有限公司,中国中冶,601618.SH,2022,2023-03-30,https://emweb.securities.eastmoney.com/PC_HSF10/NewFinanceAnalysis/ZYZBAjaxNew?type=1&code=SH601618,2026-06-29,5926.69,18.3985,102.76,22.7012,3.0629,72.3404,1.1357,0.9285,0.1183,9.6432,2.1819,10.4700,53.8544,114.2177,115.0973,4.7479,4234.75,5853.93,98385
601618,中国冶金科工股份有限公司,中国中冶,601618.SH,2023,2024-03-29,https://emweb.securities.eastmoney.com/PC_HSF10/NewFinanceAnalysis/ZYZBAjaxNew?type=1&code=SH601618,2026-06-29,6338.70,6.9518,86.70,-15.6262,0.9295,74.6084,1.0787,0.9003,0.0990,9.6887,1.7994,7.2300,63.4607,122.2157,134.4377,1.5768,4936.11,6616.02,99300
601618,中国冶金科工股份有限公司,中国中冶,601618.SH,2024,2025-03-29,https://emweb.securities.eastmoney.com/PC_HSF10/NewFinanceAnalysis/ZYZBAjaxNew?type=1&code=SH601618,2026-06-29,5520.25,-12.9121,67.46,-22.1956,1.4216,77.4341,1.0456,0.9138,0.0916,9.6882,1.4319,4.8700,112.0225,156.6220,207.7777,1.7540,6256.80,8080.16,97489
601618,中国冶金科工股份有限公司,中国中冶,601618.SH,2025,2026-03-31,https://emweb.securities.eastmoney.com/PC_HSF10/NewFinanceAnalysis/ZYZBAjaxNew?type=1&code=SH601618,2026-06-29,4553.80,-17.5072,13.22,-80.4065,3.3648,78.1344,1.0548,1.0289,0.1282,10.0871,0.5538,0.0500,180.6207,192.1449,321.6628,3.3807,6559.29,8394.89,89982
601668,中国建筑股份有限公司,中国建筑,601668.SH,2021,2022-04-16,https://emweb.securities.eastmoney.com/PC_HSF10/NewFinanceAnalysis/ZYZBAjaxNew?type=1&code=SH601668,2026-06-29,18927.06,17.1918,515.49,14.7438,0.7391,73.2112,1.3446,0.7931,0.2572,11.3456,4.1143,15.9000,32.4390,190.4200,109.3792,0.5764,17536.43,23953.22,368327
601668,中国建筑股份有限公司,中国建筑,601668.SH,2022,2023-04-18,https://emweb.securities.eastmoney.com/PC_HSF10/NewFinanceAnalysis/ZYZBAjaxNew?type=1&code=SH601668,2026-06-29,20550.52,8.5774,509.50,-1.1606,0.1863,74.3531,1.3117,0.7719,0.2346,10.4557,3.3679,13.9400,34.2500,191.0497,107.8863,0.1272,19725.16,26529.03,382492
601668,中国建筑股份有限公司,中国建筑,601668.SH,2023,2024-04-19,https://emweb.securities.eastmoney.com/PC_HSF10/NewFinanceAnalysis/ZYZBAjaxNew?type=1&code=SH601668,2026-06-29,22655.29,10.2419,542.64,6.5041,0.4869,74.8195,1.2883,0.7876,0.2256,9.8346,3.2460,13.3600,37.1937,190.8061,112.4119,0.3433,21722.52,29033.23,382894
601668,中国建筑股份有限公司,中国建筑,601668.SH,2024,2025-04-16,https://emweb.securities.eastmoney.com/PC_HSF10/NewFinanceAnalysis/ZYZBAjaxNew?type=1&code=SH601668,2026-06-29,21873.34,-3.4515,461.94,-14.8726,0.7235,75.7982,1.2938,0.8554,0.2410,9.8579,2.8686,10.3600,47.3049,214.4312,138.5846,0.4823,24177.93,31897.74,361249
601668,中国建筑股份有限公司,中国建筑,601668.SH,2025,2026-04-18,https://emweb.securities.eastmoney.com/PC_HSF10/NewFinanceAnalysis/ZYZBAjaxNew?type=1&code=SH601668,2026-06-29,20821.42,-4.8092,390.69,-15.4235,0.9863,76.9002,1.2617,0.8668,0.1993,9.8976,2.5722,8.1500,63.3418,251.6086,175.1555,0.6991,27381.72,35606.80,370272
601669,中国电力建设股份有限公司,中国电建,601669.SH,2021,2022-04-28,https://emweb.securities.eastmoney.com/PC_HSF10/NewFinanceAnalysis/ZYZBAjaxNew?type=1&code=SH601669,2026-06-29,5656.53,40.7252,98.64,23.5036,3.7602,75.9749,1.0541,0.7805,0.1579,12.0711,2.6305,7.8600,50.2314,143.0381,105.6010,1.3041,8170.08,10753.66,133207
601669,中国电力建设股份有限公司,中国电建,601669.SH,2022,2023-04-27,https://emweb.securities.eastmoney.com/PC_HSF10/NewFinanceAnalysis/ZYZBAjaxNew?type=1&code=SH601669,2026-06-29,5726.13,1.2305,114.35,15.9209,5.3935,76.8918,0.8798,0.8439,0.2143,12.2083,2.7435,9.9100,63.6113,117.7711,131.6359,2.3581,7997.60,10401.10,164165
601669,中国电力建设股份有限公司,中国电建,601669.SH,2023,2024-04-26,https://emweb.securities.eastmoney.com/PC_HSF10/NewFinanceAnalysis/ZYZBAjaxNew?type=1&code=SH601669,2026-06-29,6098.44,6.5019,129.49,13.2364,3.6534,77.5060,0.8412,0.8097,0.1803,13.2268,2.8159,9.5100,61.1201,87.4435,145.2616,1.5194,8948.50,11545.55,165295
601669,中国电力建设股份有限公司,中国电建,601669.SH,2024,2025-04-28,https://emweb.securities.eastmoney.com/PC_HSF10/NewFinanceAnalysis/ZYZBAjaxNew?type=1&code=SH601669,2026-06-29,6347.32,4.0811,120.20,-7.1694,3.8727,78.9295,0.8826,0.8514,0.1906,13.1870,2.4975,8.1400,65.9579,101.8242,159.0637,1.6601,10174.55,12890.69,163912
601669,中国电力建设股份有限公司,中国电建,601669.SH,2025,2026-04-24,https://emweb.securities.eastmoney.com/PC_HSF10/NewFinanceAnalysis/ZYZBAjaxNew?type=1&code=SH601669,2026-06-29,6462.37,1.8126,100.07,-16.7472,4.7547,79.5922,0.8816,0.8523,0.1931,12.4269,2.0308,6.4000,71.2571,119.0354,180.8730,2.0868,10985.86,13802.67,161478
601800,中国交通建设股份有限公司,中国交建,601800.SH,2021,2022-03-31,https://emweb.securities.eastmoney.com/PC_HSF10/NewFinanceAnalysis/ZYZBAjaxNew?type=1&code=SH601800,2026-06-29,6858.31,9.2808,179.95,11.0376,-1.8410,71.8645,0.9469,0.8250,0.1778,12.5216,3.4262,7.5900,52.4871,122.2373,161.4520,-0.6179,9997.14,13911.09,136772
601800,中国交通建设股份有限公司,中国交建,601800.SH,2022,2023-03-31,https://emweb.securities.eastmoney.com/PC_HSF10/NewFinanceAnalysis/ZYZBAjaxNew?type=1&code=SH601800,2026-06-29,7218.87,5.2573,192.63,7.0495,0.1577,71.8146,0.9325,0.8147,0.1725,11.7081,3.4645,7.5700,50.8859,121.9968,163.7951,0.0198,10892.21,15167.13,136506
601800,中国交通建设股份有限公司,中国交建,601800.SH,2023,2024-03-29,https://emweb.securities.eastmoney.com/PC_HSF10/NewFinanceAnalysis/ZYZBAjaxNew?type=1&code=SH601800,2026-06-29,7587.19,5.1021,238.16,23.6354,1.5897,72.7383,0.9003,0.7848,0.1598,12.5940,3.9852,8.8700,52.9015,132.2100,179.9787,0.5105,12252.12,16844.12,144813
601800,中国交通建设股份有限公司,中国交建,601800.SH,2024,2025-03-28,https://emweb.securities.eastmoney.com/PC_HSF10/NewFinanceAnalysis/ZYZBAjaxNew?type=1&code=SH601800,2026-06-29,7719.44,1.7431,233.84,-1.8146,1.6201,74.8253,0.9081,0.7905,0.1646,12.2861,3.9312,8.0300,59.3416,150.6381,200.0233,0.5370,13904.58,18582.73,137471
601800,中国交通建设股份有限公司,中国交建,601800.SH,2025,2026-03-31,https://emweb.securities.eastmoney.com/PC_HSF10/NewFinanceAnalysis/ZYZBAjaxNew?type=1&code=SH601800,2026-06-29,7311.09,-5.2900,147.51,-36.9171,2.0972,76.8273,0.8944,0.7765,0.1560,11.3709,2.8456,4.7900,72.8135,185.1658,226.3943,0.6940,15512.45,20191.32,133906
601868,中国能源建设股份有限公司,中国能建,601868.SH,2021,2022-03-30,https://emweb.securities.eastmoney.com/PC_HSF10/NewFinanceAnalysis/ZYZBAjaxNew?type=1&code=SH601868,2026-06-29,3223.19,19.2326,65.04,39.2570,2.7439,71.6875,1.1457,0.9290,0.2267,13.1574,2.9777,8.5500,60.3365,150.0459,144.7188,1.7620,3791.29,5288.63,115325
601868,中国能源建设股份有限公司,中国能建,601868.SH,2022,2023-03-31,https://emweb.securities.eastmoney.com/PC_HSF10/NewFinanceAnalysis/ZYZBAjaxNew?type=1&code=SH601868,2026-06-29,3663.96,13.6751,78.24,20.2955,2.1662,74.8000,1.1089,0.9292,0.2231,12.4195,2.8445,8.4800,63.8489,153.8915,163.0489,1.0332,4970.85,6645.52,114786
601868,中国能源建设股份有限公司,中国能建,601868.SH,2023,2024-03-29,https://emweb.securities.eastmoney.com/PC_HSF10/NewFinanceAnalysis/ZYZBAjaxNew?type=1&code=SH601868,2026-06-29,4060.32,10.8178,79.86,2.0702,2.3363,75.9623,1.0217,0.8588,0.1864,12.6358,2.7721,7.8800,67.0420,168.4465,187.4561,0.9664,5949.03,7831.56,117039
601868,中国能源建设股份有限公司,中国能建,601868.SH,2024,2025-03-29,https://emweb.securities.eastmoney.com/PC_HSF10/NewFinanceAnalysis/ZYZBAjaxNew?type=1&code=SH601868,2026-06-29,4367.13,7.5563,83.96,5.1345,2.5251,76.3144,1.0230,0.8518,0.2095,12.4070,2.7074,7.7400,67.3715,169.2604,184.3921,1.1015,6631.76,8690.05,116388
601868,中国能源建设股份有限公司,中国能建,601868.SH,2025,2026-03-28,https://emweb.securities.eastmoney.com/PC_HSF10/NewFinanceAnalysis/ZYZBAjaxNew?type=1&code=SH601868,2026-06-29,4529.30,3.7134,58.40,-30.4410,2.5500,77.7380,0.9901,0.8206,0.2022,12.1915,2.1539,5.0500,67.8275,165.5896,176.2062,1.2323,7319.79,9415.97,116055
