year,risk_category,risk_label,term,term_source,exact_mentions,jieba_token_count,jieba_weight
2021,liquidity,流动性风险,现金流,seed,160,160,0.012444
2021,liquidity,流动性风险,资金,seed,154,148,0.006038
2021,liquidity,流动性风险,回款,seed,4,4,0.0
2021,liquidity,流动性风险,流动性,seed,21,21,0.0
2021,liquidity,流动性风险,短期债务,seed,0,0,0.0
2021,liquidity,流动性风险,融资,seed,274,98,0.005213
2021,liquidity,流动性风险,筹资,seed,19,18,0.0
2021,liquidity,流动性风险,到期,seed,144,144,0.008971
2021,liquidity,流动性风险,偿付,seed,9,9,0.0
2021,liquidity,流动性风险,收支,word2vec,1,1,0.0
2021,liquidity,流动性风险,本息,word2vec,0,0,0.0
2021,liquidity,流动性风险,库存现金,word2vec,3,3,0.0
2021,liquidity,流动性风险,现金结算,word2vec,0,0,0.0
2021,liquidity,流动性风险,现金额,word2vec,1,1,0.0
2021,liquidity,流动性风险,现金,word2vec,374,181,0.011157
2021,liquidity,流动性风险,自筹资金,word2vec,1,1,0.0
2021,liquidity,流动性风险,流动资金,word2vec,0,0,0.0
2021,liquidity,流动性风险,流动,word2vec,175,68,0.004133
2021,solvency,偿债风险,资产负债率,seed,9,9,0.0
2021,solvency,偿债风险,负债,seed,378,301,0.021477
2021,solvency,偿债风险,债券,seed,640,640,0.033849
2021,solvency,偿债风险,借款,seed,152,146,0.010641
2021,solvency,偿债风险,利息,seed,301,298,0.019089
2021,solvency,偿债风险,利息保障倍数,seed,3,3,0.0
2021,solvency,偿债风险,债务,seed,79,74,0.004324
2021,solvency,偿债风险,兑付,seed,136,136,0.011148
2021,solvency,偿债风险,票面价格,word2vec,7,7,0.0
2021,solvency,偿债风险,浮息,word2vec,1,1,0.0
2021,solvency,偿债风险,抵押借款,word2vec,6,6,0.0
2021,solvency,偿债风险,筹措,word2vec,1,1,0.0
2021,solvency,偿债风险,定息,word2vec,1,1,0.0
2021,solvency,偿债风险,公司债,word2vec,296,2,0.0
2021,solvency,偿债风险,债权人,word2vec,1,1,0.0
2021,solvency,偿债风险,抵押物,word2vec,4,4,0.0
2021,solvency,偿债风险,续债,word2vec,34,0,0.0
2021,solvency,偿债风险,长短期,word2vec,1,1,0.0
2021,solvency,偿债风险,清偿债务,word2vec,0,0,0.0
2021,operation,营运风险,应收账款,seed,136,136,0.014816
2021,operation,营运风险,合同资产,seed,101,101,0.011003
2021,operation,营运风险,存货,seed,51,51,0.003871
2021,operation,营运风险,周转,seed,7,5,0.0
2021,operation,营运风险,结算,seed,24,24,0.0
2021,operation,营运风险,减值,seed,177,177,0.014699
2021,operation,营运风险,账龄,seed,16,16,0.0
2021,operation,营运风险,坏账,seed,112,112,0.009293
2021,operation,营运风险,跌价,word2vec,9,9,0.0
2021,operation,营运风险,预收款,word2vec,4,4,0.0
2021,operation,营运风险,库存商品,word2vec,5,5,0.0
2021,operation,营运风险,变现,word2vec,17,17,0.0
2021,operation,营运风险,准备,word2vec,277,254,0.011474
2021,operation,营运风险,第三阶段,word2vec,6,6,0.0
2021,operation,营运风险,应收,word2vec,422,117,0.009859
2021,operation,营运风险,第二阶段,word2vec,4,4,0.0
2021,operation,营运风险,第一阶段,word2vec,7,7,0.0
2021,operation,营运风险,应收款,word2vec,169,169,0.015128
2021,operation,营运风险,现金结算,word2vec,0,0,0.0
2021,operation,营运风险,预收,word2vec,17,13,0.0
2021,profitability,盈利风险,毛利率,seed,18,18,0.0
2021,profitability,盈利风险,净利润,seed,74,74,0.004038
2021,profitability,盈利风险,利润,seed,218,122,0.006301
2021,profitability,盈利风险,成本,seed,262,260,0.013697
2021,profitability,盈利风险,亏损,seed,28,28,0.0
2021,profitability,盈利风险,下滑,seed,0,0,0.0
2021,profitability,盈利风险,价格波动,seed,0,0,0.0
2021,profitability,盈利风险,费用,seed,191,182,0.010419
2021,profitability,盈利风险,分配,word2vec,131,124,0.007112
2021,profitability,盈利风险,盈利,word2vec,18,18,0.0
2021,profitability,盈利风险,毛利,word2vec,20,2,0.0
2021,profitability,盈利风险,商品价格,word2vec,8,7,0.0
2021,profitability,盈利风险,成本核算,word2vec,2,2,0.0
2021,profitability,盈利风险,分配比例,word2vec,3,3,0.0
2021,profitability,盈利风险,利润表,word2vec,19,19,0.0
2021,project,项目风险,项目,seed,588,588,0.026163
2021,project,项目风险,工期,seed,6,5,0.0
2021,project,项目风险,质量,seed,63,63,0.003327
2021,project,项目风险,安全,seed,98,51,0.002577
2021,project,项目风险,分包,seed,10,10,0.0
2021,project,项目风险,索赔,seed,8,8,0.0
2021,project,项目风险,PPP,seed,67,0,0.0
2021,project,项目风险,履约,seed,56,56,0.00494
2021,project,项目风险,进度,word2vec,31,27,0.0
2021,project,项目风险,奖励,word2vec,4,4,0.0
2021,project,项目风险,安全隐患,word2vec,1,1,0.0
2021,compliance,合规风险,诉讼,seed,20,20,0.0
2021,compliance,合规风险,仲裁,seed,6,6,0.0
2021,compliance,合规风险,处罚,seed,10,10,0.0
2021,compliance,合规风险,执行,seed,128,126,0.006382
2021,compliance,合规风险,合规,seed,15,15,0.0
2021,compliance,合规风险,环保,seed,29,29,0.0
2021,compliance,合规风险,安全生产,seed,44,44,0.004793
2021,compliance,合规风险,纠纷,seed,7,7,0.0
2021,compliance,合规风险,未决,word2vec,7,7,0.0
2021,compliance,合规风险,立案,word2vec,1,1,0.0
2021,compliance,合规风险,整改,word2vec,5,5,0.0
2021,compliance,合规风险,判决,word2vec,4,4,0.0
2021,compliance,合规风险,败诉,word2vec,2,2,0.0
2021,compliance,合规风险,管理体系,word2vec,5,5,0.0
2021,compliance,合规风险,操守,word2vec,1,1,0.0
2021,market,市场风险,市场,seed,155,140,0.004238
2021,market,市场风险,房地产,seed,159,158,0.007847
2021,market,市场风险,汇率,seed,26,26,0.0
2021,market,市场风险,海外,seed,36,36,0.0
2021,market,市场风险,竞争,seed,35,26,0.0
2021,market,市场风险,政策,seed,141,138,0.005691
2021,market,市场风险,投资,seed,951,804,0.028502
2021,market,市场风险,需求,seed,26,26,0.0
2021,market,市场风险,即期,word2vec,7,7,0.0
2021,market,市场风险,折算,word2vec,22,22,0.0
2021,market,市场风险,本位币,word2vec,6,6,0.0
2021,market,市场风险,无风险,word2vec,5,5,0.0
2021,market,市场风险,激烈,word2vec,3,2,0.0
2021,market,市场风险,市场占有率,word2vec,3,3,0.0
2021,market,市场风险,房地产业,word2vec,4,1,0.0
2021,market,市场风险,市场份额,word2vec,0,0,0.0
2021,market,市场风险,需求量,word2vec,0,0,0.0
2021,market,市场风险,金融市场,word2vec,2,2,0.0
2021,organizational_propagation,组织传导风险,子公司,seed,279,279,0.017441
2021,organizational_propagation,组织传导风险,担保,seed,135,133,0.008582
2021,organizational_propagation,组织传导风险,关联,seed,122,51,0.003397
2021,organizational_propagation,组织传导风险,差额补足,seed,10,10,0.0
2021,organizational_propagation,组织传导风险,集团,seed,841,0,0.0
2021,organizational_propagation,组织传导风险,控股,seed,56,56,0.003115
2021,organizational_propagation,组织传导风险,联营,seed,160,160,0.015043
2021,organizational_propagation,组织传导风险,合营,seed,128,128,0.011519
2021,organizational_propagation,组织传导风险,支付现金,word2vec,2,2,0.0
2021,organizational_propagation,组织传导风险,贷款额度,word2vec,1,1,0.0
2021,organizational_propagation,组织传导风险,关联方,word2vec,71,71,0.006293
2022,liquidity,流动性风险,现金流,seed,134,134,0.011223
2022,liquidity,流动性风险,资金,seed,170,167,0.007337
2022,liquidity,流动性风险,回款,seed,2,2,0.0
2022,liquidity,流动性风险,流动性,seed,17,17,0.0
2022,liquidity,流动性风险,短期债务,seed,0,0,0.0
2022,liquidity,流动性风险,融资,seed,288,120,0.006874
2022,liquidity,流动性风险,筹资,seed,20,19,0.0
2022,liquidity,流动性风险,到期,seed,101,101,0.006777
2022,liquidity,流动性风险,偿付,seed,9,9,0.0
2022,liquidity,流动性风险,收支,word2vec,1,1,0.0
2022,liquidity,流动性风险,本息,word2vec,0,0,0.0
2022,liquidity,流动性风险,库存现金,word2vec,4,4,0.0
2022,liquidity,流动性风险,现金结算,word2vec,1,1,0.0
2022,liquidity,流动性风险,现金额,word2vec,1,1,0.0
2022,liquidity,流动性风险,现金,word2vec,359,187,0.012413
2022,liquidity,流动性风险,自筹资金,word2vec,1,1,0.0
2022,liquidity,流动性风险,流动资金,word2vec,0,0,0.0
2022,liquidity,流动性风险,流动,word2vec,141,60,0.003928
2022,solvency,偿债风险,资产负债率,seed,10,10,0.0
2022,solvency,偿债风险,负债,seed,360,291,0.022361
2022,solvency,偿债风险,债券,seed,451,451,0.025688
2022,solvency,偿债风险,借款,seed,144,139,0.01091
2022,solvency,偿债风险,利息,seed,342,339,0.023386
2022,solvency,偿债风险,利息保障倍数,seed,3,3,0.0
2022,solvency,偿债风险,债务,seed,42,39,0.002454
2022,solvency,偿债风险,兑付,seed,85,85,0.007504
2022,solvency,偿债风险,票面价格,word2vec,8,8,0.0
2022,solvency,偿债风险,浮息,word2vec,1,1,0.0
2022,solvency,偿债风险,抵押借款,word2vec,5,5,0.0
2022,solvency,偿债风险,筹措,word2vec,1,1,0.0
2022,solvency,偿债风险,定息,word2vec,1,1,0.0
2022,solvency,偿债风险,公司债,word2vec,266,36,0.002583
2022,solvency,偿债风险,债权人,word2vec,2,2,0.0
2022,solvency,偿债风险,抵押物,word2vec,6,6,0.0
2022,solvency,偿债风险,续债,word2vec,43,1,0.0
2022,solvency,偿债风险,长短期,word2vec,1,1,0.0
2022,solvency,偿债风险,清偿债务,word2vec,0,0,0.0
2022,operation,营运风险,应收账款,seed,120,120,0.014079
2022,operation,营运风险,合同资产,seed,86,86,0.01009
2022,operation,营运风险,存货,seed,53,53,0.004332
2022,operation,营运风险,周转,seed,7,7,0.0
2022,operation,营运风险,结算,seed,31,30,0.0
2022,operation,营运风险,减值,seed,168,168,0.015025
2022,operation,营运风险,账龄,seed,13,13,0.0
2022,operation,营运风险,坏账,seed,110,110,0.009829
2022,operation,营运风险,跌价,word2vec,10,10,0.0
2022,operation,营运风险,预收款,word2vec,4,4,0.0
2022,operation,营运风险,库存商品,word2vec,5,5,0.0
2022,operation,营运风险,变现,word2vec,13,13,0.0
2022,operation,营运风险,准备,word2vec,269,247,0.012016
2022,operation,营运风险,第三阶段,word2vec,5,5,0.0
2022,operation,营运风险,应收,word2vec,371,118,0.010708
2022,operation,营运风险,第二阶段,word2vec,4,4,0.0
2022,operation,营运风险,第一阶段,word2vec,6,6,0.0
2022,operation,营运风险,应收款,word2vec,133,133,0.012821
2022,operation,营运风险,现金结算,word2vec,1,1,0.0
2022,operation,营运风险,预收,word2vec,13,9,0.0
2022,profitability,盈利风险,毛利率,seed,16,16,0.0
2022,profitability,盈利风险,净利润,seed,70,70,0.004113
2022,profitability,盈利风险,利润,seed,207,120,0.006675
2022,profitability,盈利风险,成本,seed,237,234,0.013276
2022,profitability,盈利风险,亏损,seed,31,31,0.0
2022,profitability,盈利风险,下滑,seed,2,2,0.0
2022,profitability,盈利风险,价格波动,seed,2,2,0.0
2022,profitability,盈利风险,费用,seed,195,186,0.011468
2022,profitability,盈利风险,分配,word2vec,126,120,0.007412
2022,profitability,盈利风险,盈利,word2vec,12,11,0.0
2022,profitability,盈利风险,毛利,word2vec,16,0,0.0
2022,profitability,盈利风险,商品价格,word2vec,1,0,0.0
2022,profitability,盈利风险,成本核算,word2vec,3,3,0.0
2022,profitability,盈利风险,分配比例,word2vec,2,2,0.0
2022,profitability,盈利风险,利润表,word2vec,17,17,0.0
2022,project,项目风险,项目,seed,442,442,0.02118
2022,project,项目风险,工期,seed,3,2,0.0
2022,project,项目风险,质量,seed,74,74,0.004208
2022,project,项目风险,安全,seed,64,40,0.002177
2022,project,项目风险,分包,seed,8,8,0.0
2022,project,项目风险,索赔,seed,9,9,0.0
2022,project,项目风险,PPP,seed,36,0,0.0
2022,project,项目风险,履约,seed,53,53,0.005035
2022,project,项目风险,进度,word2vec,24,21,0.0
2022,project,项目风险,奖励,word2vec,4,4,0.0
2022,project,项目风险,安全隐患,word2vec,2,2,0.0
2022,compliance,合规风险,诉讼,seed,18,18,0.0
2022,compliance,合规风险,仲裁,seed,3,3,0.0
2022,compliance,合规风险,处罚,seed,10,10,0.0
2022,compliance,合规风险,执行,seed,93,91,0.004964
2022,compliance,合规风险,合规,seed,28,28,0.002404
2022,compliance,合规风险,环保,seed,38,38,0.002467
2022,compliance,合规风险,安全生产,seed,21,21,0.002464
2022,compliance,合规风险,纠纷,seed,6,6,0.0
2022,compliance,合规风险,未决,word2vec,7,7,0.0
2022,compliance,合规风险,立案,word2vec,1,1,0.0
2022,compliance,合规风险,整改,word2vec,4,4,0.0
2022,compliance,合规风险,判决,word2vec,4,4,0.0
2022,compliance,合规风险,败诉,word2vec,2,2,0.0
2022,compliance,合规风险,管理体系,word2vec,10,10,0.0
2022,compliance,合规风险,操守,word2vec,1,1,0.0
2022,market,市场风险,市场,seed,108,94,0.003065
2022,market,市场风险,房地产,seed,138,138,0.007381
2022,market,市场风险,汇率,seed,23,23,0.0
2022,market,市场风险,海外,seed,34,34,0.0
2022,market,市场风险,竞争,seed,32,18,0.0
2022,market,市场风险,政策,seed,137,131,0.005818
2022,market,市场风险,投资,seed,917,788,0.030084
2022,market,市场风险,需求,seed,26,26,0.0
2022,market,市场风险,即期,word2vec,7,7,0.0
2022,market,市场风险,折算,word2vec,18,18,0.0
2022,market,市场风险,本位币,word2vec,7,7,0.0
2022,market,市场风险,无风险,word2vec,5,5,0.0
2022,market,市场风险,激烈,word2vec,1,0,0.0
2022,market,市场风险,市场占有率,word2vec,6,6,0.0
2022,market,市场风险,房地产业,word2vec,3,0,0.0
2022,market,市场风险,市场份额,word2vec,2,2,0.0
2022,market,市场风险,需求量,word2vec,0,0,0.0
2022,market,市场风险,金融市场,word2vec,1,1,0.0
2022,organizational_propagation,组织传导风险,子公司,seed,277,277,0.018649
2022,organizational_propagation,组织传导风险,担保,seed,136,135,0.009381
2022,organizational_propagation,组织传导风险,关联,seed,107,44,0.003157
2022,organizational_propagation,组织传导风险,差额补足,seed,11,11,0.0
2022,organizational_propagation,组织传导风险,集团,seed,822,0,0.0
2022,organizational_propagation,组织传导风险,控股,seed,54,54,0.003235
2022,organizational_propagation,组织传导风险,联营,seed,150,150,0.015187
2022,organizational_propagation,组织传导风险,合营,seed,127,127,0.012308
2022,organizational_propagation,组织传导风险,支付现金,word2vec,3,3,0.0
2022,organizational_propagation,组织传导风险,贷款额度,word2vec,1,1,0.0
2022,organizational_propagation,组织传导风险,关联方,word2vec,63,63,0.006013
2023,liquidity,流动性风险,现金流,seed,142,142,0.012358
2023,liquidity,流动性风险,资金,seed,135,130,0.005935
2023,liquidity,流动性风险,回款,seed,1,1,0.0
2023,liquidity,流动性风险,流动性,seed,18,18,0.0
2023,liquidity,流动性风险,短期债务,seed,0,0,0.0
2023,liquidity,流动性风险,融资,seed,321,147,0.008749
2023,liquidity,流动性风险,筹资,seed,23,22,0.0
2023,liquidity,流动性风险,到期,seed,93,93,0.006483
2023,liquidity,流动性风险,偿付,seed,9,9,0.0
2023,liquidity,流动性风险,收支,word2vec,3,3,0.0
2023,liquidity,流动性风险,本息,word2vec,0,0,0.0
2023,liquidity,流动性风险,库存现金,word2vec,4,4,0.0
2023,liquidity,流动性风险,现金结算,word2vec,1,1,0.0
2023,liquidity,流动性风险,现金额,word2vec,1,1,0.0
2023,liquidity,流动性风险,现金,word2vec,336,177,0.012208
2023,liquidity,流动性风险,自筹资金,word2vec,1,1,0.0
2023,liquidity,流动性风险,流动资金,word2vec,2,2,0.0
2023,liquidity,流动性风险,流动,word2vec,156,66,0.004489
2023,solvency,偿债风险,资产负债率,seed,8,8,0.0
2023,solvency,偿债风险,负债,seed,347,281,0.022435
2023,solvency,偿债风险,债券,seed,315,315,0.018642
2023,solvency,偿债风险,借款,seed,142,137,0.011173
2023,solvency,偿债风险,利息,seed,124,121,0.008673
2023,solvency,偿债风险,利息保障倍数,seed,3,3,0.0
2023,solvency,偿债风险,债务,seed,63,56,0.003662
2023,solvency,偿债风险,兑付,seed,84,84,0.007705
2023,solvency,偿债风险,票面价格,word2vec,1,1,0.0
2023,solvency,偿债风险,浮息,word2vec,1,1,0.0
2023,solvency,偿债风险,抵押借款,word2vec,5,5,0.0
2023,solvency,偿债风险,筹措,word2vec,1,1,0.0
2023,solvency,偿债风险,定息,word2vec,1,1,0.0
2023,solvency,偿债风险,公司债,word2vec,180,39,0.002908
2023,solvency,偿债风险,债权人,word2vec,2,2,0.0
2023,solvency,偿债风险,抵押物,word2vec,6,6,0.0
2023,solvency,偿债风险,续债,word2vec,30,0,0.0
2023,solvency,偿债风险,长短期,word2vec,1,1,0.0
2023,solvency,偿债风险,清偿债务,word2vec,4,4,0.0
2023,operation,营运风险,应收账款,seed,126,126,0.015359
2023,operation,营运风险,合同资产,seed,95,95,0.011581
2023,operation,营运风险,存货,seed,46,46,0.003907
2023,operation,营运风险,周转,seed,8,8,0.0
2023,operation,营运风险,结算,seed,22,21,0.0
2023,operation,营运风险,减值,seed,184,184,0.017098
2023,operation,营运风险,账龄,seed,13,13,0.0
2023,operation,营运风险,坏账,seed,131,131,0.012162
2023,operation,营运风险,跌价,word2vec,10,10,0.0
2023,operation,营运风险,预收款,word2vec,4,4,0.0
2023,operation,营运风险,库存商品,word2vec,5,5,0.0
2023,operation,营运风险,变现,word2vec,12,12,0.0
2023,operation,营运风险,准备,word2vec,311,287,0.014507
2023,operation,营运风险,第三阶段,word2vec,5,5,0.0
2023,operation,营运风险,应收,word2vec,386,127,0.011974
2023,operation,营运风险,第二阶段,word2vec,4,4,0.0
2023,operation,营运风险,第一阶段,word2vec,6,6,0.0
2023,operation,营运风险,应收款,word2vec,133,133,0.013322
2023,operation,营运风险,现金结算,word2vec,1,1,0.0
2023,operation,营运风险,预收,word2vec,13,9,0.0
2023,profitability,盈利风险,毛利率,seed,15,15,0.0
2023,profitability,盈利风险,净利润,seed,81,81,0.004946
2023,profitability,盈利风险,利润,seed,199,101,0.005837
2023,profitability,盈利风险,成本,seed,244,241,0.014206
2023,profitability,盈利风险,亏损,seed,32,32,0.002118
2023,profitability,盈利风险,下滑,seed,0,0,0.0
2023,profitability,盈利风险,价格波动,seed,1,1,0.0
2023,profitability,盈利风险,费用,seed,176,166,0.010634
2023,profitability,盈利风险,分配,word2vec,106,101,0.006482
2023,profitability,盈利风险,盈利,word2vec,14,14,0.0
2023,profitability,盈利风险,毛利,word2vec,15,0,0.0
2023,profitability,盈利风险,商品价格,word2vec,1,0,0.0
2023,profitability,盈利风险,成本核算,word2vec,3,3,0.0
2023,profitability,盈利风险,分配比例,word2vec,2,2,0.0
2023,profitability,盈利风险,利润表,word2vec,16,16,0.0
2023,project,项目风险,项目,seed,434,433,0.021559
2023,project,项目风险,工期,seed,4,3,0.0
2023,project,项目风险,质量,seed,93,93,0.005495
2023,project,项目风险,安全,seed,56,41,0.002318
2023,project,项目风险,分包,seed,6,6,0.0
2023,project,项目风险,索赔,seed,9,9,0.0
2023,project,项目风险,PPP,seed,33,0,0.0
2023,project,项目风险,履约,seed,45,45,0.004442
2023,project,项目风险,进度,word2vec,24,21,0.0
2023,project,项目风险,奖励,word2vec,3,3,0.0
2023,project,项目风险,安全隐患,word2vec,1,1,0.0
2023,compliance,合规风险,诉讼,seed,18,18,0.0
2023,compliance,合规风险,仲裁,seed,3,3,0.0
2023,compliance,合规风险,处罚,seed,10,10,0.0
2023,compliance,合规风险,执行,seed,92,92,0.005214
2023,compliance,合规风险,合规,seed,15,15,0.0
2023,compliance,合规风险,环保,seed,30,30,0.0
2023,compliance,合规风险,安全生产,seed,13,13,0.0
2023,compliance,合规风险,纠纷,seed,6,6,0.0
2023,compliance,合规风险,未决,word2vec,7,7,0.0
2023,compliance,合规风险,立案,word2vec,1,1,0.0
2023,compliance,合规风险,整改,word2vec,10,10,0.0
2023,compliance,合规风险,判决,word2vec,4,4,0.0
2023,compliance,合规风险,败诉,word2vec,2,2,0.0
2023,compliance,合规风险,管理体系,word2vec,10,10,0.0
2023,compliance,合规风险,操守,word2vec,1,1,0.0
2023,market,市场风险,市场,seed,96,89,0.003015
2023,market,市场风险,房地产,seed,139,137,0.007614
2023,market,市场风险,汇率,seed,26,26,0.0
2023,market,市场风险,海外,seed,31,31,0.0
2023,market,市场风险,竞争,seed,34,19,0.0
2023,market,市场风险,政策,seed,121,118,0.005445
2023,market,市场风险,投资,seed,908,789,0.031298
2023,market,市场风险,需求,seed,26,25,0.0
2023,market,市场风险,即期,word2vec,7,7,0.0
2023,market,市场风险,折算,word2vec,18,18,0.0
2023,market,市场风险,本位币,word2vec,7,7,0.0
2023,market,市场风险,无风险,word2vec,5,5,0.0
2023,market,市场风险,激烈,word2vec,1,1,0.0
2023,market,市场风险,市场占有率,word2vec,3,3,0.0
2023,market,市场风险,房地产业,word2vec,5,2,0.0
2023,market,市场风险,市场份额,word2vec,0,0,0.0
2023,market,市场风险,需求量,word2vec,1,1,0.0
2023,market,市场风险,金融市场,word2vec,1,1,0.0
2023,organizational_propagation,组织传导风险,子公司,seed,279,279,0.019516
2023,organizational_propagation,组织传导风险,担保,seed,137,136,0.009819
2023,organizational_propagation,组织传导风险,关联,seed,102,44,0.00328
2023,organizational_propagation,组织传导风险,差额补足,seed,12,12,0.0
2023,organizational_propagation,组织传导风险,集团,seed,830,0,0.0
2023,organizational_propagation,组织传导风险,控股,seed,46,46,0.002863
2023,organizational_propagation,组织传导风险,联营,seed,142,142,0.014939
2023,organizational_propagation,组织传导风险,合营,seed,134,134,0.013493
2023,organizational_propagation,组织传导风险,支付现金,word2vec,3,3,0.0
2023,organizational_propagation,组织传导风险,贷款额度,word2vec,1,1,0.0
2023,organizational_propagation,组织传导风险,关联方,word2vec,58,58,0.005752
2024,liquidity,流动性风险,现金流,seed,138,137,0.010771
2024,liquidity,流动性风险,资金,seed,175,162,0.006681
2024,liquidity,流动性风险,回款,seed,3,3,0.0
2024,liquidity,流动性风险,流动性,seed,21,21,0.0
2024,liquidity,流动性风险,短期债务,seed,0,0,0.0
2024,liquidity,流动性风险,融资,seed,361,140,0.007528
2024,liquidity,流动性风险,筹资,seed,22,22,0.0
2024,liquidity,流动性风险,到期,seed,130,130,0.008187
2024,liquidity,流动性风险,偿付,seed,15,15,0.0
2024,liquidity,流动性风险,收支,word2vec,5,5,0.0
2024,liquidity,流动性风险,本息,word2vec,2,2,0.0
2024,liquidity,流动性风险,库存现金,word2vec,2,2,0.0
2024,liquidity,流动性风险,现金结算,word2vec,1,1,0.0
2024,liquidity,流动性风险,现金额,word2vec,1,1,0.0
2024,liquidity,流动性风险,现金,word2vec,333,180,0.011216
2024,liquidity,流动性风险,自筹资金,word2vec,0,0,0.0
2024,liquidity,流动性风险,流动资金,word2vec,12,12,0.0
2024,liquidity,流动性风险,流动,word2vec,185,77,0.004731
2024,solvency,偿债风险,资产负债率,seed,6,6,0.0
2024,solvency,偿债风险,负债,seed,463,387,0.027913
2024,solvency,偿债风险,债券,seed,695,695,0.037157
2024,solvency,偿债风险,借款,seed,131,125,0.009209
2024,solvency,偿债风险,利息,seed,194,191,0.012368
2024,solvency,偿债风险,利息保障倍数,seed,3,3,0.0
2024,solvency,偿债风险,债务,seed,222,208,0.012287
2024,solvency,偿债风险,兑付,seed,83,83,0.006878
2024,solvency,偿债风险,票面价格,word2vec,4,4,0.0
2024,solvency,偿债风险,浮息,word2vec,1,1,0.0
2024,solvency,偿债风险,抵押借款,word2vec,6,6,0.0
2024,solvency,偿债风险,筹措,word2vec,1,1,0.0
2024,solvency,偿债风险,定息,word2vec,1,1,0.0
2024,solvency,偿债风险,公司债,word2vec,170,20,0.0
2024,solvency,偿债风险,债权人,word2vec,3,3,0.0
2024,solvency,偿债风险,抵押物,word2vec,1,1,0.0
2024,solvency,偿债风险,续债,word2vec,64,1,0.0
2024,solvency,偿债风险,长短期,word2vec,1,1,0.0
2024,solvency,偿债风险,清偿债务,word2vec,10,10,0.0
2024,operation,营运风险,应收账款,seed,92,92,0.010131
2024,operation,营运风险,合同资产,seed,96,96,0.010572
2024,operation,营运风险,存货,seed,53,53,0.004066
2024,operation,营运风险,周转,seed,5,5,0.0
2024,operation,营运风险,结算,seed,26,25,0.0
2024,operation,营运风险,减值,seed,208,208,0.017461
2024,operation,营运风险,账龄,seed,33,33,0.003634
2024,operation,营运风险,坏账,seed,10,10,0.0
2024,operation,营运风险,跌价,word2vec,11,11,0.0
2024,operation,营运风险,预收款,word2vec,4,4,0.0
2024,operation,营运风险,库存商品,word2vec,5,5,0.0
2024,operation,营运风险,变现,word2vec,10,10,0.0
2024,operation,营运风险,准备,word2vec,272,249,0.01137
2024,operation,营运风险,第三阶段,word2vec,8,8,0.0
2024,operation,营运风险,应收,word2vec,303,89,0.007581
2024,operation,营运风险,第二阶段,word2vec,7,7,0.0
2024,operation,营运风险,第一阶段,word2vec,6,6,0.0
2024,operation,营运风险,应收款,word2vec,119,119,0.010768
2024,operation,营运风险,现金结算,word2vec,1,1,0.0
2024,operation,营运风险,预收,word2vec,16,12,0.0
2024,profitability,盈利风险,毛利率,seed,17,17,0.0
2024,profitability,盈利风险,净利润,seed,77,77,0.004247
2024,profitability,盈利风险,利润,seed,194,100,0.005221
2024,profitability,盈利风险,成本,seed,247,247,0.013153
2024,profitability,盈利风险,亏损,seed,33,33,0.0
2024,profitability,盈利风险,下滑,seed,1,1,0.0
2024,profitability,盈利风险,价格波动,seed,0,0,0.0
2024,profitability,盈利风险,费用,seed,203,193,0.011169
2024,profitability,盈利风险,分配,word2vec,122,114,0.00661
2024,profitability,盈利风险,盈利,word2vec,14,14,0.0
2024,profitability,盈利风险,毛利,word2vec,19,2,0.0
2024,profitability,盈利风险,商品价格,word2vec,0,0,0.0
2024,profitability,盈利风险,成本核算,word2vec,0,0,0.0
2024,profitability,盈利风险,分配比例,word2vec,4,4,0.0
2024,profitability,盈利风险,利润表,word2vec,16,16,0.0
2024,project,项目风险,项目,seed,655,655,0.029462
2024,project,项目风险,工期,seed,3,3,0.0
2024,project,项目风险,质量,seed,86,86,0.004591
2024,project,项目风险,安全,seed,68,43,0.002197
2024,project,项目风险,分包,seed,9,9,0.0
2024,project,项目风险,索赔,seed,8,8,0.0
2024,project,项目风险,PPP,seed,33,0,0.0
2024,project,项目风险,履约,seed,66,66,0.005886
2024,project,项目风险,进度,word2vec,28,27,0.0
2024,project,项目风险,奖励,word2vec,4,4,0.0
2024,project,项目风险,安全隐患,word2vec,0,0,0.0
2024,compliance,合规风险,诉讼,seed,18,18,0.0
2024,compliance,合规风险,仲裁,seed,3,3,0.0
2024,compliance,合规风险,处罚,seed,10,10,0.0
2024,compliance,合规风险,执行,seed,93,93,0.004762
2024,compliance,合规风险,合规,seed,35,35,0.00282
2024,compliance,合规风险,环保,seed,35,35,0.002133
2024,compliance,合规风险,安全生产,seed,24,24,0.002643
2024,compliance,合规风险,纠纷,seed,7,7,0.0
2024,compliance,合规风险,未决,word2vec,7,7,0.0
2024,compliance,合规风险,立案,word2vec,1,1,0.0
2024,compliance,合规风险,整改,word2vec,6,6,0.0
2024,compliance,合规风险,判决,word2vec,4,4,0.0
2024,compliance,合规风险,败诉,word2vec,2,2,0.0
2024,compliance,合规风险,管理体系,word2vec,7,5,0.0
2024,compliance,合规风险,操守,word2vec,1,1,0.0
2024,market,市场风险,市场,seed,104,97,0.002969
2024,market,市场风险,房地产,seed,144,144,0.007229
2024,market,市场风险,汇率,seed,37,37,0.002306
2024,market,市场风险,海外,seed,29,29,0.0
2024,market,市场风险,竞争,seed,31,16,0.0
2024,market,市场风险,政策,seed,141,141,0.005878
2024,market,市场风险,投资,seed,904,751,0.026912
2024,market,市场风险,需求,seed,32,31,0.0
2024,market,市场风险,即期,word2vec,9,9,0.0
2024,market,市场风险,折算,word2vec,25,25,0.002141
2024,market,市场风险,本位币,word2vec,8,8,0.0
2024,market,市场风险,无风险,word2vec,2,2,0.0
2024,market,市场风险,激烈,word2vec,1,1,0.0
2024,market,市场风险,市场占有率,word2vec,1,1,0.0
2024,market,市场风险,房地产业,word2vec,3,0,0.0
2024,market,市场风险,市场份额,word2vec,1,1,0.0
2024,market,市场风险,需求量,word2vec,1,1,0.0
2024,market,市场风险,金融市场,word2vec,0,0,0.0
2024,organizational_propagation,组织传导风险,子公司,seed,390,390,0.024646
2024,organizational_propagation,组织传导风险,担保,seed,152,151,0.009849
2024,organizational_propagation,组织传导风险,关联,seed,114,31,0.002088
2024,organizational_propagation,组织传导风险,差额补足,seed,13,13,0.0
2024,organizational_propagation,组织传导风险,集团,seed,998,0,0.0
2024,organizational_propagation,组织传导风险,控股,seed,36,36,0.002024
2024,organizational_propagation,组织传导风险,联营,seed,157,157,0.014921
2024,organizational_propagation,组织传导风险,合营,seed,123,123,0.011189
2024,organizational_propagation,组织传导风险,支付现金,word2vec,2,1,0.0
2024,organizational_propagation,组织传导风险,贷款额度,word2vec,1,1,0.0
2024,organizational_propagation,组织传导风险,关联方,word2vec,83,83,0.007436
2025,liquidity,流动性风险,现金流,seed,116,115,0.009566
2025,liquidity,流动性风险,资金,seed,183,178,0.007767
2025,liquidity,流动性风险,回款,seed,1,1,0.0
2025,liquidity,流动性风险,流动性,seed,18,18,0.0
2025,liquidity,流动性风险,短期债务,seed,0,0,0.0
2025,liquidity,流动性风险,融资,seed,375,149,0.008476
2025,liquidity,流动性风险,筹资,seed,10,10,0.0
2025,liquidity,流动性风险,到期,seed,121,121,0.008062
2025,liquidity,流动性风险,偿付,seed,11,11,0.0
2025,liquidity,流动性风险,收支,word2vec,5,5,0.0
2025,liquidity,流动性风险,本息,word2vec,2,2,0.0
2025,liquidity,流动性风险,库存现金,word2vec,2,2,0.0
2025,liquidity,流动性风险,现金结算,word2vec,1,1,0.0
2025,liquidity,流动性风险,现金额,word2vec,1,1,0.0
2025,liquidity,流动性风险,现金,word2vec,266,122,0.008043
2025,liquidity,流动性风险,自筹资金,word2vec,0,0,0.0
2025,liquidity,流动性风险,流动资金,word2vec,3,3,0.0
2025,liquidity,流动性风险,流动,word2vec,123,42,0.00273
2025,solvency,偿债风险,资产负债率,seed,6,6,0.0
2025,solvency,偿债风险,负债,seed,366,310,0.023656
2025,solvency,偿债风险,债券,seed,746,746,0.042197
2025,solvency,偿债风险,借款,seed,134,130,0.010133
2025,solvency,偿债风险,利息,seed,180,177,0.012126
2025,solvency,偿债风险,利息保障倍数,seed,3,3,0.0
2025,solvency,偿债风险,债务,seed,224,212,0.01325
2025,solvency,偿债风险,兑付,seed,76,76,0.006663
2025,solvency,偿债风险,票面价格,word2vec,3,3,0.0
2025,solvency,偿债风险,浮息,word2vec,1,1,0.0
2025,solvency,偿债风险,抵押借款,word2vec,4,4,0.0
2025,solvency,偿债风险,筹措,word2vec,1,1,0.0
2025,solvency,偿债风险,定息,word2vec,1,1,0.0
2025,solvency,偿债风险,公司债,word2vec,125,2,0.0
2025,solvency,偿债风险,债权人,word2vec,4,4,0.0
2025,solvency,偿债风险,抵押物,word2vec,1,1,0.0
2025,solvency,偿债风险,续债,word2vec,59,1,0.0
2025,solvency,偿债风险,长短期,word2vec,1,1,0.0
2025,solvency,偿债风险,清偿债务,word2vec,10,10,0.0
2025,operation,营运风险,应收账款,seed,74,74,0.008622
2025,operation,营运风险,合同资产,seed,77,77,0.008971
2025,operation,营运风险,存货,seed,46,46,0.003734
2025,operation,营运风险,周转,seed,8,8,0.0
2025,operation,营运风险,结算,seed,24,23,0.0
2025,operation,营运风险,减值,seed,191,191,0.016964
2025,operation,营运风险,账龄,seed,33,33,0.003845
2025,operation,营运风险,坏账,seed,0,0,0.0
2025,operation,营运风险,跌价,word2vec,11,11,0.0
2025,operation,营运风险,预收款,word2vec,3,3,0.0
2025,operation,营运风险,库存商品,word2vec,5,5,0.0
2025,operation,营运风险,变现,word2vec,10,10,0.0
2025,operation,营运风险,准备,word2vec,272,246,0.011885
2025,operation,营运风险,第三阶段,word2vec,8,8,0.0
2025,operation,营运风险,应收,word2vec,288,95,0.008561
2025,operation,营运风险,第二阶段,word2vec,8,8,0.0
2025,operation,营运风险,第一阶段,word2vec,6,6,0.0
2025,operation,营运风险,应收款,word2vec,116,116,0.011105
2025,operation,营运风险,现金结算,word2vec,1,1,0.0
2025,operation,营运风险,预收,word2vec,14,11,0.0
2025,profitability,盈利风险,毛利率,seed,15,15,0.0
2025,profitability,盈利风险,净利润,seed,78,78,0.004552
2025,profitability,盈利风险,利润,seed,178,89,0.004916
2025,profitability,盈利风险,成本,seed,209,209,0.011775
2025,profitability,盈利风险,亏损,seed,32,32,0.002024
2025,profitability,盈利风险,下滑,seed,1,1,0.0
2025,profitability,盈利风险,价格波动,seed,0,0,0.0
2025,profitability,盈利风险,费用,seed,172,165,0.010103
2025,profitability,盈利风险,分配,word2vec,107,101,0.006196
2025,profitability,盈利风险,盈利,word2vec,14,14,0.0
2025,profitability,盈利风险,毛利,word2vec,17,2,0.0
2025,profitability,盈利风险,商品价格,word2vec,0,0,0.0
2025,profitability,盈利风险,成本核算,word2vec,0,0,0.0
2025,profitability,盈利风险,分配比例,word2vec,2,2,0.0
2025,profitability,盈利风险,利润表,word2vec,10,10,0.0
2025,project,项目风险,项目,seed,615,615,0.029267
2025,project,项目风险,工期,seed,4,4,0.0
2025,project,项目风险,质量,seed,95,95,0.005365
2025,project,项目风险,安全,seed,67,44,0.002378
2025,project,项目风险,分包,seed,9,9,0.0
2025,project,项目风险,索赔,seed,7,7,0.0
2025,project,项目风险,PPP,seed,7,0,0.0
2025,project,项目风险,履约,seed,44,44,0.004152
2025,project,项目风险,进度,word2vec,17,16,0.0
2025,project,项目风险,奖励,word2vec,2,2,0.0
2025,project,项目风险,安全隐患,word2vec,0,0,0.0
2025,compliance,合规风险,诉讼,seed,20,20,0.0
2025,compliance,合规风险,仲裁,seed,5,5,0.0
2025,compliance,合规风险,处罚,seed,8,8,0.0
2025,compliance,合规风险,执行,seed,69,69,0.003738
2025,compliance,合规风险,合规,seed,15,15,0.0
2025,compliance,合规风险,环保,seed,33,33,0.002127
2025,compliance,合规风险,安全生产,seed,22,22,0.002563
2025,compliance,合规风险,纠纷,seed,7,7,0.0
2025,compliance,合规风险,未决,word2vec,7,7,0.0
2025,compliance,合规风险,立案,word2vec,1,1,0.0
2025,compliance,合规风险,整改,word2vec,4,4,0.0
2025,compliance,合规风险,判决,word2vec,4,4,0.0
2025,compliance,合规风险,败诉,word2vec,2,2,0.0
2025,compliance,合规风险,管理体系,word2vec,2,2,0.0
2025,compliance,合规风险,操守,word2vec,0,0,0.0
2025,market,市场风险,市场,seed,108,101,0.00327
2025,market,市场风险,房地产,seed,136,136,0.007224
2025,market,市场风险,汇率,seed,34,34,0.002242
2025,market,市场风险,海外,seed,25,25,0.0
2025,market,市场风险,竞争,seed,40,24,0.0
2025,market,市场风险,政策,seed,120,119,0.005249
2025,market,市场风险,投资,seed,959,784,0.029724
2025,market,市场风险,需求,seed,26,24,0.0
2025,market,市场风险,即期,word2vec,9,9,0.0
2025,market,市场风险,折算,word2vec,27,27,0.002446
2025,market,市场风险,本位币,word2vec,8,8,0.0
2025,market,市场风险,无风险,word2vec,2,2,0.0
2025,market,市场风险,激烈,word2vec,2,2,0.0
2025,market,市场风险,市场占有率,word2vec,2,2,0.0
2025,market,市场风险,房地产业,word2vec,4,0,0.0
2025,market,市场风险,市场份额,word2vec,1,1,0.0
2025,market,市场风险,需求量,word2vec,2,2,0.0
2025,market,市场风险,金融市场,word2vec,0,0,0.0
2025,organizational_propagation,组织传导风险,子公司,seed,455,455,0.030421
2025,organizational_propagation,组织传导风险,担保,seed,164,163,0.011248
2025,organizational_propagation,组织传导风险,关联,seed,125,33,0.002351
2025,organizational_propagation,组织传导风险,差额补足,seed,14,14,0.0
2025,organizational_propagation,组织传导风险,集团,seed,1021,0,0.0
2025,organizational_propagation,组织传导风险,控股,seed,57,57,0.003391
2025,organizational_propagation,组织传导风险,联营,seed,154,154,0.015485
2025,organizational_propagation,组织传导风险,合营,seed,124,124,0.011934
2025,organizational_propagation,组织传导风险,支付现金,word2vec,2,1,0.0
2025,organizational_propagation,组织传导风险,贷款额度,word2vec,1,1,0.0
2025,organizational_propagation,组织传导风险,关联方,word2vec,91,91,0.008626
